{
  "small": {
    "zcss": 12.1895126,
    "postcss": 2256.3496126,
    "sass": 2873.9243752,
    "less": null,
    "stylus": null
  },
  "medium": {
    "zcss": 10.7706083,
    "postcss": 2337.3380959,
    "sass": 2654.6692040000003,
    "less": null,
    "stylus": null
  },
  "large": {
    "zcss": 25.667266599999998,
    "postcss": 2102.3724625000004,
    "sass": 2698.4652459000004,
    "less": null,
    "stylus": null
  }
}