{
  "small": {
    "tailwind": 1686.1449041,
    "lightningcss": 408.95127529999996,
    "cssnano": 578.2572335000001,
    "esbuild": 411.7761041
  },
  "medium": {
    "tailwind": 1630.0572583,
    "lightningcss": 402.09555420000004,
    "cssnano": 584.2668876,
    "esbuild": 409.6416709
  },
  "large": {
    "tailwind": 1627.7571335,
    "lightningcss": 402.1784790999999,
    "cssnano": 596.9881124999999,
    "esbuild": 418.3536543
  }
}