{
  "small": {
    "zcss": 6.7133834,
    "postcss": 546.8561288999999,
    "sass": 854.9938832,
    "less": null,
    "stylus": null
  },
  "medium": {
    "zcss": 6.676362499999999,
    "postcss": 570.1430542,
    "sass": 589.6881460000001,
    "less": null,
    "stylus": null
  },
  "large": {
    "zcss": 55.9576457,
    "postcss": 528.2360709999999,
    "sass": 634.2597460000001,
    "less": null,
    "stylus": null
  }
}