{
  "small": {
    "zigcss": 7.154858299999999,
    "lightningcss": 420.6663708,
    "cssnano": 567.0634085,
    "esbuild": 402.15187900000006,
    "postcss": 552.9626415,
    "sass": 545.5799832999999,
    "less": null,
    "stylus": null
  },
  "medium": {
    "zigcss": 7.574229099999999,
    "lightningcss": 406.26754589999996,
    "cssnano": 567.4484793,
    "esbuild": 412.5999417,
    "postcss": 501.18915419999996,
    "sass": 554.6732167,
    "less": null,
    "stylus": null
  },
  "large": {
    "zigcss": 215.50976250000002,
    "lightningcss": 406.0078376,
    "cssnano": 647.0517082000001,
    "esbuild": 411.3619790000001,
    "postcss": 502.28617920000005,
    "sass": 589.6139249,
    "less": null,
    "stylus": null
  }
}