{
  "small": {
    "zcss": 9.9157874,
    "postcss": 2040.8399875999999,
    "sass": 2267.7401335,
    "less": null,
    "stylus": null
  },
  "medium": {
    "zcss": 12.044170900000001,
    "postcss": 2035.1581707999999,
    "sass": 2414.7534709,
    "less": null,
    "stylus": null
  },
  "large": {
    "zcss": 25.4237792,
    "postcss": 2028.2670624999998,
    "sass": 2707.8369543,
    "less": null,
    "stylus": null
  }
}