{
  "small": {
    "zcss": 11.0900083,
    "lightningcss": 546.3009,
    "cssnano": 764.3242544000001,
    "esbuild": 599.2236872999999,
    "postcss": 773.2119917,
    "sass": 766.1093168,
    "less": null,
    "stylus": null
  },
  "medium": {
    "zcss": 10.554970899999999,
    "lightningcss": 558.0265874,
    "cssnano": 744.6418333999999,
    "esbuild": 595.0354791999999,
    "postcss": 667.5188373999999,
    "sass": 802.96285,
    "less": null,
    "stylus": null
  },
  "large": {
    "zcss": 27.0499874,
    "lightningcss": 646.9364251999999,
    "cssnano": 866.9961917,
    "esbuild": 619.2184251,
    "postcss": 699.8193333,
    "sass": 830.3186960999999,
    "less": null,
    "stylus": null
  }
}